--Generate some test data for the tables:
insert into KEY_VALUE_INDICATORS (INDICATOR_ID, INDICATOR_NAME, DATE_INDICATOR_ADDED, DATE_INDICATOR_REMOVED) values (1, 'Example Indicator 1', (sysdate - 365), null);
insert into KEY_VALUE_INDICATORS (INDICATOR_ID, INDICATOR_NAME, DATE_INDICATOR_ADDED, DATE_INDICATOR_REMOVED) values (2, 'Example Indicator 2 (Lead)', (sysdate - 365), null);
insert into KEY_VALUE_INDICATORS (INDICATOR_ID, INDICATOR_NAME, DATE_INDICATOR_ADDED, DATE_INDICATOR_REMOVED) values (3, 'Example Indicator 3 (Lead)', sysdate, null);
insert into KEY_VALUE_INDICATORS (INDICATOR_ID, INDICATOR_NAME, DATE_INDICATOR_ADDED, DATE_INDICATOR_REMOVED) values (4, 'Example Indicator 4 (Lag)', (sysdate - 180), sysdate); 

insert into KEY_VALUE_INDICATOR_LEAD (INDICATOR_ID, LEAD_FOR_INDICATOR_ID, DATE_ADDED_AS_LEAD, DATE_REMOVED_AS_LEAD) values (2, 1, (sysdate - 365), null);
insert into KEY_VALUE_INDICATOR_LEAD (INDICATOR_ID, LEAD_FOR_INDICATOR_ID, DATE_ADDED_AS_LEAD, DATE_REMOVED_AS_LEAD) values (3, 1, sysdate, null);

insert into KEY_VALUE_INDICATOR_LAG (INDICATOR_ID, LAG_FOR_INDICATOR_ID, DATE_ADDED_AS_LAG, DATE_REMOVED_AS_LAG) values (4, 1, (sysdate - 180), sysdate);

insert into KEY_VALUE_INDICATOR_TARGET_VALUES (INDICATOR_ID, TARGET_VALUE, DATE_TARGET_VALUE_START, DATE_TARGET_VALUE_END, THRESHOLD_VALUE_FOR_RAG) values (1, '100', (sysdate - 365), null, '90');
insert into KEY_VALUE_INDICATOR_TARGET_VALUES (INDICATOR_ID, TARGET_VALUE, DATE_TARGET_VALUE_START, DATE_TARGET_VALUE_END, THRESHOLD_VALUE_FOR_RAG) values (2, '200', (sysdate - 365), null, '190');
insert into KEY_VALUE_INDICATOR_TARGET_VALUES (INDICATOR_ID, TARGET_VALUE, DATE_TARGET_VALUE_START, DATE_TARGET_VALUE_END, THRESHOLD_VALUE_FOR_RAG) values (3, '150', sysdate, null, '200');
insert into KEY_VALUE_INDICATOR_TARGET_VALUES (INDICATOR_ID, TARGET_VALUE, DATE_TARGET_VALUE_START, DATE_TARGET_VALUE_END, THRESHOLD_VALUE_FOR_RAG) values (4, '50', (sysdate - 180), sysdate, '40');

insert into KEY_VALUE_INDICATOR_PRIORITY (INDICATOR_ID, INDICATOR_PRIORITY, DATE_PRIORITY_START, DATE_PRIORITY_END) values (1, 1, (sysdate - 365), null);
insert into KEY_VALUE_INDICATOR_PRIORITY (INDICATOR_ID, INDICATOR_PRIORITY, DATE_PRIORITY_START, DATE_PRIORITY_END) values (2, 2, (sysdate - 365), null);
insert into KEY_VALUE_INDICATOR_PRIORITY (INDICATOR_ID, INDICATOR_PRIORITY, DATE_PRIORITY_START, DATE_PRIORITY_END) values (3, 2, sysdate, null);
insert into KEY_VALUE_INDICATOR_PRIORITY (INDICATOR_ID, INDICATOR_PRIORITY, DATE_PRIORITY_START, DATE_PRIORITY_END) values (4, 2, (sysdate - 180), sysdate);

insert into VALUE_GENERATING_PROGRAMS (PROGRAM_ID, PROGRAM_NAME, PROGRAM_OWNER, DATE_PROGRAM_ADDED, DATE_PROGRAM_REMOVED) values (1, 'Example Program 1', 'Program Owner 1', (sysdate - 365), null);
insert into VALUE_GENERATING_PROGRAMS (PROGRAM_ID, PROGRAM_NAME, PROGRAM_OWNER, DATE_PROGRAM_ADDED, DATE_PROGRAM_REMOVED) values (2, 'Example Program 2', 'Program Owner 2', (sysdate - 180), null);

insert into VALUE_GENERATING_INITIATIVES (INITIATIVE_ID, INITIATIVE_NAME, INITIATIVE_OWNER, DATE_INITIATIVE_ADDED, DATE_INITIATIVE_REMOVED, PROGRAM_ID) values (1, 'Example Initiative 1', 'Initiative Owner 1', (sysdate - 365), null, 1);
insert into VALUE_GENERATING_INITIATIVES (INITIATIVE_ID, INITIATIVE_NAME, INITIATIVE_OWNER, DATE_INITIATIVE_ADDED, DATE_INITIATIVE_REMOVED, PROGRAM_ID) values (2, 'Example Initiative 2', 'Initiative Owner 2', (sysdate - 180), null, 1);
insert into VALUE_GENERATING_INITIATIVES (INITIATIVE_ID, INITIATIVE_NAME, INITIATIVE_OWNER, DATE_INITIATIVE_ADDED, DATE_INITIATIVE_REMOVED, PROGRAM_ID) values (3, 'Example Initiative 3', 'Initiative Owner 1', sysdate, null, 1);
insert into VALUE_GENERATING_INITIATIVES (INITIATIVE_ID, INITIATIVE_NAME, INITIATIVE_OWNER, DATE_INITIATIVE_ADDED, DATE_INITIATIVE_REMOVED, PROGRAM_ID) values (4, 'Example Initiative 4', 'Initiative Owner 3', sysdate, null, 2);

insert into KEY_VALUE_INDICATOR_ACTUALS (INDICATOR_ID, INITIATIVE_ID, ACTUAL_VALUE, IS_PROMISED_VALUE, DATE_VALUE_EFFECTIVE, ACTUAL_VALUE_SOURCE) values (1, 1, '120', (sysdate - 365), 'promised');
insert into KEY_VALUE_INDICATOR_ACTUALS (INDICATOR_ID, INITIATIVE_ID, ACTUAL_VALUE, IS_PROMISED_VALUE, DATE_VALUE_EFFECTIVE, ACTUAL_VALUE_SOURCE) values (1, 1, '100', (sysdate - 180), 'Source System 1');
insert into KEY_VALUE_INDICATOR_ACTUALS (INDICATOR_ID, INITIATIVE_ID, ACTUAL_VALUE, IS_PROMISED_VALUE, DATE_VALUE_EFFECTIVE, ACTUAL_VALUE_SOURCE) values (1, 1, '110', sysdate, 'Source System 1');
insert into KEY_VALUE_INDICATOR_ACTUALS (INDICATOR_ID, INITIATIVE_ID, ACTUAL_VALUE, IS_PROMISED_VALUE, DATE_VALUE_EFFECTIVE, ACTUAL_VALUE_SOURCE) values (2, 1, '250', (sysdate - 365), 'promised');
insert into KEY_VALUE_INDICATOR_ACTUALS (INDICATOR_ID, INITIATIVE_ID, ACTUAL_VALUE, IS_PROMISED_VALUE, DATE_VALUE_EFFECTIVE, ACTUAL_VALUE_SOURCE) values (2, 1, '140', (sysdate - 180), 'Source System 2');
insert into KEY_VALUE_INDICATOR_ACTUALS (INDICATOR_ID, INITIATIVE_ID, ACTUAL_VALUE, IS_PROMISED_VALUE, DATE_VALUE_EFFECTIVE, ACTUAL_VALUE_SOURCE) values (2, 1, '180', sysdate, 'Source System 2');
insert into KEY_VALUE_INDICATOR_ACTUALS (INDICATOR_ID, INITIATIVE_ID, ACTUAL_VALUE, IS_PROMISED_VALUE, DATE_VALUE_EFFECTIVE, ACTUAL_VALUE_SOURCE) values (3, 1, '160', sysdate, 'promised');
insert into KEY_VALUE_INDICATOR_ACTUALS (INDICATOR_ID, INITIATIVE_ID, ACTUAL_VALUE, IS_PROMISED_VALUE, DATE_VALUE_EFFECTIVE, ACTUAL_VALUE_SOURCE) values (4, 2, '60', sysdate, 'promised');

